fwd,rev
CTTAAACCGGCCAACATACC,ATGCTACTCGTTCCTTTCGA
TGAGCCTTATGATTTCCCGT,GTCCGTTTTCCTGAATGAGC
CGTTCTAAACGGCTAGATGC,AGTCTGTCTTTCCCCTTTCC
GTATCCGAAGCGTGGAGTAT,CAGGTATGCGTAGGAGTCAA
CTTGTTATGGACGAGTTGCC,TTAATGGCGCGTTCATACTG
TATTCATGCTTGGACGGACT,ACTATGTACCGCTTGTTGGA
ATCGACAATGGTATGGCTGA,TATGTCTCCTAGCCACTCCT
GTCCTAGTGAGGAATACCGG,CCGAAGAATCGCAGATCCTA
TTAGATAGGTGTGTAGGCGC,TAAGGTGCGTACTAGCTGAC
TTCCGTTTATGCTTTCCAGC,TCCTTGGAGTTTAGAGCGAG
GTATAGTTTGTGCGGTGGTC,ATCAATCCCCTACACCTTCG
TCAGCCTTTCATTGATTGCG,TTCCTTGATACCGTAGCTCG
AGGGTCGTGGTTAAAGGTAC,CGTTTCTTTCCGGTCGTTAG
TGCAAGTGTACAAATCCAGC,GAACGGTGATCCCTTTCCTA
CTTAAGGTTTGCCCATTCCC,TGTTATAGCTTCCACGGTGT
TGGTTCGTTAGTCGATCTCC,AGACGGGATTTTACTGGGTC